Pair ID,Explanation,Explanation shorter,Explanation clearer,Modifications,Modifications shorter,Modifications clearer,Language model
pair_0,"TR1 1 HRC costs the same and has the same number of tasks as other plans, but it takes longer than TR2 1 HRC.","TR1 1 HRC costs the same as other plans, has the same tasks, but is slower than TR2 1 HRC.","Both TR1 1 HRC and the other plans cost the same and have the same number of tasks, but TR1 1 HRC takes longer to finish than TR2 1 HRC.","Simplified language, removed redundant phrasing, shortened sentence.",Reduced the sentence length further.,"Revised wording for clarity and brevity, used simpler language, removed redundancy.",gpt-oss:20b
pair_1,"'TR1 1 HRC' costs the same as 'TR1 2 HRC' and has the same number of tasks, but it is faster.","'TR1 1 HRC' costs the same as 'TR1 2 HRC', has the same number of tasks, but is faster.","'TR1 1 HRC' has the same cost and the same number of tasks as 'TR1 2 HRC', but it completes faster.","Rephrased the sentence with simpler language, removed technical phrasing, condensed content, and clarified that the two plans have equal cost and same number of tasks but differ in speed.",Simplified wording and removed jargon.,"Simplified explanation further, making the comparison explicit and removing any ambiguity.",gpt-oss:20b
pair_2,"'TR1 1 HRC' matches another plan in cost and task count, and it is faster than 'TR2 2 HRC'.","'TR1 1 HRC' matches a plan in cost and tasks, but outpaces 'TR2 2 HRC' in speed.","'TR1 1 HRC' has the same cost and same number of tasks as another plan, and it is quicker than 'TR2 2 HRC'.","Simplified phrasing, removed redundant wording, condensed sentences, used easier vocabulary, retained cost, task count, speed comparison.","Further shortened, omitted unnecessary words, kept essential comparisons.","Replaced vague ""matches"" with ""has the same cost and same number of tasks as another plan"", clarified speed comparison with ""quicker"", used simpler words.",gpt-oss:20b
pair_3,"'TR1 1 HRC' costs the same, has the same number of tasks, and is faster than 'TR1 3 HRC'.","'TR1 1 HRC' costs the same, has the same tasks, and is faster than 'TR1 3 HRC'.","‘TR1 1 HRC’ costs the same as the other plan and uses the same number of tasks, but it finishes faster than ‘TR1 3 HRC’.","Simplified wording, removed redundancy, made sentence shorter and easier to read.",Condensed the sentence further to remove extra words; kept essential facts.,"Clarified the comparison, specified that it costs the same as the other plan, used simpler phrasing.",gpt-oss:20b
pair_4,"TR1 1 HRC costs the same and has the same number of tasks as TR2 3 HRC, but it is quicker.","TR1 1 HRC matches TR2 3 HRC in cost and tasks, but is faster.","TR1 1 HRC costs the same and has the same number of tasks as TR2 3 HRC, but it is quicker.","Simplified phrasing, removed redundant wording, clarified plan comparison, shortened overall length.","Reduced sentence length, retained all key comparisons.","Replaced the repetitive and awkward phrasing with a concise statement.  Used plain verbs like ""costs"" and ""has"" and the adverb ""quicker"" to make the comparison easier to read.  The new narrative is almost two‑thirds as long as the original, yet it still says that TR1 1 HRC shares the same cost and number of tasks as TR2 3 HRC, while being faster.",gpt-oss:20b
pair_5,"TR1 1 HRC is cheaper, faster, shorter, and better than TR1 1 HRC CS 90.","TR1 1 HRC is cheaper, faster, shorter, and better than TR1 1 HRC CS 90.","TR1 1 HRC is cheaper, faster, shorter, and better than TR1 1 HRC CS 90.","Reworded the sentence into simpler, direct language and made it shorter while preserving all comparisons.","Provided only the brief, simplified narrative within the required function call.","Simplified wording by removing redundancy and replacing the original long, formal comparison with a short, easy‑to‑read list. The meaning stays the same: TR1 1 HRC is better, cheaper, faster, and shorter than TR1 1 HRC CS 90.",gpt-oss:20b
pair_6,"'TR1 1 HRC' costs the same and has the same number of tasks as 'TR2 1 HRC CS 90', but it works faster.","'TR1 1 HRC' matches 'TR2 1 HRC CS 90' in cost and tasks, but is faster.","‘TR1 1 HRC’ costs the same as ‘TR2 1 HRC CS 90’, has the same number of tasks, and finishes faster.",Shortened and simplified language; removed redundant words while preserving meaning; kept all comparative relationships.,"Condensed to a single short sentence while keeping all comparisons: cost, task count, and speed.","Simplified language and shortened the statement, while explicitly clarifying that the comparisons are made with ‘TR2 1 HRC CS 90’. The new narrative now reads in plain English and is easier to understand.",gpt-oss:20b
pair_7,"TR1 1 HRC is cheaper, shorter, faster, and better than TR1 2 HRC CS 90.","TR1 1 HRC is cheaper, shorter, faster, and better than TR1 2 HRC CS 90.","TR1 1 HRC is cheaper, takes less time, is faster, and overall is a better choice than TR1 2 HRC CS 90.","Rephrased to simpler, more concise comparison. Shortened length. Removed redundant wording while preserving all comparisons.",Condensed language and omitted repeated phrases. Kept comparison succinct.,"Simplified the comparison into a clear, concise explanation with a short, easy‑to‑read sentence.",gpt-oss:20b
pair_8,"TR1 1 HRC has the same cost and number of tasks as another plan, but it is faster than TR2 2 HRC CS 90.","TR1 1 HRC has the same cost and number of tasks as another plan, but it is faster than TR2 2 HRC CS 90.","TR1 1 HRC costs the same and has the same task count as another plan, but it is faster than TR2 2 HRC CS 90.","Simplified language, removed redundant phrasing, shortened to fewer words while preserving meaning.","Simplified language, retained meaning.","Rephrased to explicitly identify the plans and explain each comparison clearly, while keeping the text concise.",gpt-oss:20b
pair_9,"TR1 1 HRC is cheaper, shorter, faster, and better than TR1 3 HRC CS 90.","TR1 1 HRC is cheaper, shorter, faster, and better than TR1 3 HRC CS 90.","TR1 1 HRC is cheaper, shorter, faster, and better than TR1 3 HRC CS 90.",Simplified language and shortened the sentence,Simplified and shortened.,"Rephrased for clarity: identified that the original compared several qualities in a long, awkward sentence and condensed it into a concise, easy‑to‑read sentence that lists each quality once.",gpt-oss:20b
pair_10,"TR1 1 HRC costs the same and has the same number of tasks as another plan, but it is quicker than TR2 3 HRC CS 90.","TR1 1 HRC costs and tasks the same as another plan, but is faster than TR2 3 HRC CS 90.","TR1 1 HRC costs the same and has the same number of tasks as another plan, but it is quicker than TR2 3 HRC CS 90.","Simplified wording, omitted missing referent, shortened sentence.","Made the sentence more concise, removed extra words.","Rephrased explanation into a concise, easier‑to‑read sentence and ensured it fits the required structure.",gpt-oss:20b
pair_11,"TR1 1 HRC is cheaper, faster, shorter, and better than TR1 1 HRC CS 95.","TR1 1 HRC is cheaper, faster, shorter, better than TR1 1 HRC CS 95.","TR1 1 HRC is cheaper, faster, shorter, and better than TR1 1 HRC CS 95.","Simplified wording, removed repetition, shortened overall text, used plain language while preserving meaning (cheaper, shorter, faster, better than).",Condensed to a brief comparison.,"I removed redundant phrasing and shortened the sentence while keeping all comparisons. The new sentence uses simpler words: cheaper, faster, shorter, better. It still says TR1 1 HRC is better than TR1 1 HRC CS 95 in all those respects.",gpt-oss:20b
pair_12,"The plan TR1 1 HRC is cheaper, shorter, faster, and better than TR2 1 HRC CS 95.","TR1 1 HRC is cheaper, shorter, faster, and better than TR2 1 HRC CS 95.","The plan TR1 1 HRC is cheaper, shorter, faster, and better than TR2 1 HRC CS 95.","Replaced multiple phrases with a concise summary, used simpler words, and removed repetition.",Simplified and shortened the sentence.,"We replaced the long, repetitive sentence with a single sentence that lists the comparisons in order: cheaper, shorter, faster, better. This uses simpler words like ""cheaper"" instead of ""is cheaper plan than"", removes the redundant ""and is … plan than"" phrasing, and keeps the same meaning.",gpt-oss:20b
pair_13,"Plan TR1 1 HRC is cheaper, shorter, faster, and better than Plan TR1 2 HRC CS 95.","Plan TR1 1 HRC is cheaper, shorter, faster, and better than Plan TR1 2 HRC CS 95.","Plan TR1 1 HRC is cheaper, shorter, faster, and better than Plan TR1 2 HRC CS 95.

In other words, when you compare the two options, TR1 1 HRC saves money, takes less time, works quicker, and offers overall better value than TR1 2 HRC CS 95.","Replaced technical phrasing with simpler language, shortened the sentence, clarified that it compares plan TR1 1 HRC to plan TR1 2 HRC CS 95.",Used simpler words and a concise sentence; kept the comparison of TR1 1 HRC vs TR1 2 HRC CS 95.,"Provided a clearer explanation of the comparison, added context showing the comparison is between two specific plans, and retained the simpler, concise sentence.",gpt-oss:20b
pair_14,"TR1 1 HRC is cheaper, shorter, faster, and better than TR2 2 HRC CS 95.","TR1 1 HRC is cheaper, shorter, faster, and better than TR2 2 HRC CS 95.","We removed the repeated wording ‘is … plan than’, replaced it with a simple list of qualities—cheaper, shorter, faster, better—and kept the comparison to TR2 2 HRC CS 95. This keeps the meaning while making the sentence easier to read and shorter.","Simplified language by removing duplicated phrasing and repeated structure. Shortened the sentence, using a list of attributes. Retained all comparative semantics (“cheaper, shorter, faster, better”).",Condensed explanation to a single sentence.,"Clarified explanation of changes: removed redundant phrasing, used a concise list, preserved comparison. Kept response in the required function format.",gpt-oss:20b
pair_15,"Plan 'TR1 1 HRC' is cheaper, shorter, faster, and better than plan 'TR1 3 HRC CS 95'.","'TR1 1 HRC' is cheaper, faster, shorter, and better than 'TR1 3 HRC CS 95'.","Plan TR1 1 HRC is cheaper, shorter, faster, and better than plan TR1 3 HRC CS 95 – meaning it costs less, takes less time, runs more quickly, and offers higher quality.","Simplified wording, removed repeated phrasing, condensed comparisons into one list.",Condensed description to a single sentence.,"Rephrased for clarity, used a concise list of advantages, added brief explanatory clause.",gpt-oss:20b
pair_16,"TR1 1 HRC is cheaper, shorter, faster, and better than TR2 3 HRC CS 95.","TR1 1 HRC is cheaper, shorter, faster, and better than TR2 3 HRC CS 95.","TR1 1 HRC is cheaper, shorter, faster, and better than TR2 3 HRC CS 95.","Simplified language, removed redundant phrasing, shortened the sentence; kept all comparisons (cheaper, shorter, faster, better).",Simplified and shortened the sentence.,"Rephrased explanation using simple English; shortened the sentence to focus on the four key advantages (cheaper, shorter, faster, better); kept the comparison intact.",gpt-oss:20b
pair_17,"TR2 1 HRC costs the same and has the same number of tasks as the other plan, but it is faster than TR1 2 HRC.",TR2 1 HRC has the same cost and task count but is faster than TR1 2 HRC.,"TR2 1 HRC has the same cost and number of tasks as the earlier plan, but it finishes faster than TR1 2 HRC.","Simplified language, shortened sentence, retained meaning of cost and task count equality and faster speed over TR1 2 HRC.","Reduced sentence length further, keeping essential info.","Added a brief reference to ""earlier plan"" for clarity, kept short and simple language, clarified the comparison to TR1 2 HRC.",gpt-oss:20b
pair_18,"Plan TR2 1 HRC costs the same, uses the same number of tasks, and is faster than plan TR2 2 HRC.","TR2 1 HRC costs and tasks the same as TR2 2 HRC, but runs faster.","Plan TR2 1 HRC costs the same as TR2 2 HRC, uses the same number of tasks, but is faster.",Simplified language and shortened the sentence while keeping the meaning that TR2 1 HRC has the same cost and number of tasks as TR2 2 HRC and runs faster.,"Shortened the description while preserving the meaning: same cost and tasks, faster than TR2 2 HRC.","Rephrased to be more explicit: clarified that the cost and task count are the same comparisons, and added a concise comparison of speed.",gpt-oss:20b
pair_19,"Plan TR2 1 HRC has the same cost and number of tasks as the other plan, yet it is faster than TR1 3 HRC.","TR2 1 HRC costs the same, has the same tasks, but is faster than TR1 3 HRC.","Plan TR2 1 HRC costs the same and has the same number of tasks as the other plan, but it’s quicker than TR1 3 HRC.","Simplified wording, removed extraneous phrasing, shortened overall length while preserving meaning.",Made the sentence even shorter while retaining meaning.,"Rephrased the sentence to use straightforward language, removed ambiguous wording, and kept the core facts: same cost, same number of tasks, and faster than the other plan.",gpt-oss:20b
pair_20,"TR2 1 HRC costs the same, has the same number of tasks, and is faster than TR2 3 HRC.","TR2 1 HRC equals TR2 3 HRC in cost and tasks, but is faster.","TR2 1 HRC costs the same as TR2 3 HRC, has the same number of tasks, but is quicker.","Shortened sentence, simplified wording, kept meaning",Shortened the narrative further,Simplified wording and added clarity by explicitly stating equivalences and using the word 'quicker'; kept the sentence short,gpt-oss:20b
pair_21,"""TR2 1 HRC"" is cheaper, shorter, faster, and better than ""TR1 1 HRC CS 90"".","""TR2 1 HRC"" is cheaper, shorter, faster, and better than ""TR1 1 HRC CS 90"".","""TR2 1 HRC"" is cheaper, shorter, faster, and better than ""TR1 1 HRC CS 90"".","Simplified language, removed superfluous words, shortened sentence, retained meaning.",Simplified and condensed.,"Rephrased to use simpler words, cut unnecessary repetition, and made the comparison easier to read while keeping the same meaning.",gpt-oss:20b
pair_22,"'TR2 1 HRC' costs the same and has the same number of tasks as the other plan, but it’s faster than 'TR2 1 HRC CS 90'.","'TR2 1 HRC' costs the same and has the same number of tasks as the other plan, but it’s faster than 'TR2 1 HRC CS 90'.","'TR2 1 HRC' costs the same and has the same number of tasks as the other plan, but it’s faster than 'TR2 1 HRC CS 90'.","Simplified language, removed extraneous phrasing, clarified reference to ‘another plan’, shortened overall length while preserving meaning.",Simplified and shortened language.,"Used simpler words, removed repeated verbs, clarified that the plan compared to is simply ""another plan"", and kept only the essential facts in one short sentence.",gpt-oss:20b
pair_23,"Plan TR2 1 HRC is cheaper, shorter, faster, and better than plan TR1 2 HRC CS 90.","Plan TR2 1 HRC is cheaper, shorter, faster, and better than plan TR1 2 HRC CS 90.","Plan TR2 1 HRC is cheaper, shorter, faster, and better than plan TR1 2 HRC CS 90.","Simplified wording, combined multiple comparisons into a single phrase, removed repetition, used easier language.",Simplified phrasing and combined comparisons.,"We grouped all four comparisons into one concise sentence, used plain words like ""cheaper"" and ""shorter"" instead of repeating ""is ... plan than"", and eliminated unnecessary filler words. This keeps the meaning while making it easier to read.",gpt-oss:20b
pair_24,"TR2 1 HRC costs the same and has the same number of tasks as another plan, but it runs faster than TR2 2 HRC CS 90.","TR2 1 HRC costs and numbers like another plan, but is faster than TR2 2 HRC CS 90.","TR2 1 HRC costs the same and has the same number of tasks as another plan, but it finishes faster than TR2 2 HRC CS 90.","Simplified language and shortened text while preserving meaning. Replaced formal phrasing with clearer, concise sentences, removed redundant wording.","Further condensed explanation, removing extra words.",Shortened wording further and clarified by specifying “finishes faster” instead of “runs faster.”,gpt-oss:20b
pair_25,"TR2 1 HRC is cheaper, shorter, faster, and better than TR1 3 HRC CS 90.","TR2 1 HRC is cheaper, faster, shorter, better than TR1 3 HRC CS 90.","TR2 1 HRC is cheaper, shorter, faster, and better than TR1 3 HRC CS 90.","Replaced multiple 'is [attribute] plan than' clauses with a concise list of attributes, removing repeated phrasing and simplifying language.","Condensed the list of attributes into a single sentence, removing conjunctions and keeping core meaning.","I took the long sentence that repeated the phrase ""is … plan than"" many times and turned it into one short sentence that lists the attributes. I also removed the word ""plan"" as it was unnecessary. The meaning stays the same: TR2 is better on all listed points compared to TR1.",gpt-oss:20b
pair_26,"Plan 'TR2 1 HRC' costs the same as and has the same number of tasks as 'TR2 3 HRC CS 90', but it completes faster.","Plan 'TR2 1 HRC' costs the same as and has the same number of tasks as 'TR2 3 HRC CS 90', but it completes faster.","Plan 'TR2 1 HRC' costs the same as and has the same number of tasks as 'TR2 3 HRC CS 90', but it completes faster.","Rephrased the sentence for clarity, used simpler wording, removed repetition of ‘is a plan’, and made the statement shorter while preserving meaning.",Simplified wording and shortened sentence.,"I rewrote the sentence to use simple words and shorter phrasing. I removed the repeated phrase ‘is a plan’, cut unnecessary words, and kept the key facts: same cost, same task count, but faster than the other plan.",gpt-oss:20b
pair_27,"TR2 1 HRC is cheaper, shorter, faster, and better than TR1 1 HRC CS 95.","TR2 1 HRC is cheaper, shorter, faster, and better than TR1 1 HRC CS 95.","TR2 1 HRC is cheaper, shorter, faster, and better than TR1 1 HRC CS 95.","Replaced the repetitive, jargon‑heavy phrasing with a concise, plain‑English sentence; shortened the statement; kept all four comparative qualities.",Simplified the sentence and removed repetition while preserving meaning.,"Simplified the original sentence by removing the repeated phrase ""is ... plan than"" after each quality, using common adjectives instead of the formal ""plan"" suffix.  The statement was shortened while still listing all four comparisons: cheaper, shorter, faster, and better.  The meaning that ""TR2 1 HRC"" is better in all these respects than ""TR1 1 HRC CS 95"" is preserved.",gpt-oss:20b
pair_28,"TR2 1 HRC is cheaper, shorter, faster, and better than TR2 1 HRC CS 95.","TR2 1 HRC is cheaper, shorter, faster, and better than TR2 1 HRC CS 95.","TR2 1 HRC is cheaper, shorter, faster, and better than TR2 1 HRC CS 95.",Replaced long comparative phrase with concise compound adjective list. Simplified phrasing and removed repetitive 'plan' words.,Shortened the comparison and used simpler wording.,"Rephrased the original sentence into a concise, easy‑to‑read form. Instead of repeating ""is … plan than"" four times, the new sentence lists all the advantages in a single clause: cheaper, shorter, faster, and better. This keeps the meaning but removes redundancy and uses simpler wording.",gpt-oss:20b
pair_29,"TR2 1 HRC is cheaper, shorter, faster, and better than TR1 2 HRC CS 95.","TR2 1 HRC is cheaper, shorter, faster, and better than TR1 2 HRC CS 95.","TR2 1 HRC is cheaper, shorter, faster, and better than TR1 2 HRC CS 95.","Simplified language, shortened sentences, preserved all comparisons.",Simplified and shortened the explanation.,"Reworded for clarity, used plain language, made the sentence shorter while keeping all comparative meanings.",gpt-oss:20b
pair_30,"'TR2 1 HRC' is cheaper, shorter, faster, and better than 'TR2 2 HRC CS 95'.","TR2 1 HRC beats TR2 2 HRC CS 95 on price, time, speed and quality.","'TR2 1 HRC' is cheaper, shorter, faster, and better than 'TR2 2 HRC CS 95'.","Simplified language, reduced length, preserved all comparative aspects.",Further shortened the narrative while keeping semantics.,"- Used everyday words like ‘cheaper’ instead of ‘costs less’.
- Removed repetitive wording, keeping only the core comparisons.
- Kept every comparison (cheaper, shorter, faster, better) to preserve meaning.",gpt-oss:20b
pair_31,"'TR2 1 HRC' is cheaper, shorter, faster, and better than 'TR1 3 HRC CS 95'.","'TR2 1 HRC' is cheaper, shorter, faster, and better than 'TR1 3 HRC CS 95'.","'TR2 1 HRC' is cheaper, shorter, faster, and better than 'TR1 3 HRC CS 95'.","removed repeated phrases, shortened sentence, used conjunctions","removed repetition, made concise","Condensed the sentence by removing repeated phrasing and combining comparisons with commas; kept all comparative words (cheaper, shorter, faster, better) and the two plans referenced.",gpt-oss:20b
pair_32,"TR2 1 HRC is less expensive, shorter, faster, and better than TR2 3 HRC CS 95.","TR2 1 HRC is less expensive, shorter, faster, and better than TR2 3 HRC CS 95.","TR2 1 HRC is less expensive, shorter, faster, and better than TR2 3 HRC CS 95.","Simplified language (used plain words like 'less expensive', 'faster', 'shorter', 'better'), removed repetitive wording, shortened the sentence.",Simplified words and cut the sentence.,"We replaced jargon with everyday language, removed repetition, and shortened the sentence while preserving all comparisons.",gpt-oss:20b
pair_33,"TR1 2 HRC costs the same and has the same number of tasks as the other plan, but it is faster than TR2 2 HRC.","TR1 2 HRC costs the same and has the same number of tasks as the other plan, but it is faster than TR2 2 HRC.","TR1 2 HRC costs the same and has the same number of tasks as the other plan, but it finishes faster than TR2 2 HRC.","Simplified wording, removed redundant phrasing, made the sentence shorter, and used clearer terms like 'costs', 'steps', and 'finishes faster'.","Shortened explanation, kept core changes: simpler wording, clearer comparison.","Added a brief reference to the other plan and clarified that the comparison is against TR2 2 HRC, while still keeping the text concise and easy to understand.",gpt-oss:20b
pair_34,"'TR1 2 HRC' costs the same and has the same number of tasks as 'TR1 3 HRC', but is slower.","'TR1 2 HRC' has same cost, same tasks, but is slower than 'TR1 3 HRC'.","Plan 'TR1 2 HRC' costs the same as plan 'TR1 3 HRC' and has the same number of tasks, but it runs slower.",Simplified phrasing and shortened while preserving meaning.,"Further shortened the sentence, retained all facts.","Rephrased for clarity, added specifics about cost, tasks, and speed comparison.",gpt-oss:20b
pair_35,"TR1 2 HRC costs the same and has the same number of tasks, but it is faster than TR2 3 HRC.","TR1 2 HRC has the same cost and task count, but it is faster than TR2 3 HRC.","Plan TR1 2 HRC has the same cost and the same number of tasks as the other plan, but it finishes faster than plan TR2 3 HRC.","Simplified the sentence, removed extraneous phrasing, made it shorter while preserving the meaning that TR1 2 HRC shares cost and task count with the other plan and outruns TR2 3 HRC in speed.","Used plain wording, cut extra words, kept core facts.","Rephrased for clearer meaning and added context, kept it short, and used simpler words.",gpt-oss:20b
pair_36,"'TR1 2 HRC' is cheaper, shorter, faster, and better than 'TR1 1 HRC CS 90'.","'TR1 2 HRC' is cheaper, shorter, faster, and better than 'TR1 1 HRC CS 90'.","**Explanation of the Changes**

- **Easier Language**: Replaced the repetitive “is cheaper plan than and is shorter plan than…” phrasing with a concise comparison.
- **Shorter Version**: Condensed everything into one sentence, removing unnecessary repetition.
- **Same Meaning**: All four qualities (cheaper, shorter, faster, better) remain compared to the reference plan.

**Revised Narrative**

> *'TR1 2 HRC' is cheaper, shorter, faster, and better than 'TR1 1 HRC CS 90'.""","Simplified and shortened the phrasing, removing repeated words and keeping the relative comparisons clear.",Trimmed the explanation to its essential points.,Provided clear explanation and concise revised narrative within a single function call as required.,gpt-oss:20b
pair_37,"Plan TR1 2 HRC costs the same and has the same number of tasks as TR2 1 HRC CS 90, but it is faster.","TR1 2 HRC costs and tasks like TR2 1 HRC CS 90, but is faster.","The plan TR1 2 HRC costs the same and has the same number of tasks as TR2 1 HRC CS 90, but it finishes faster.","Simplified language, shortened sentences, clarified comparisons",Shortened further,"Rephrased for clarity, used concise language, maintained semantics",gpt-oss:20b
pair_38,"TR1 2 HRC is cheaper, shorter, faster, and better than TR1 2 HRC CS 90.","TR1 2 HRC is cheaper, shorter, faster, and better than TR1 2 HRC CS 90.","TR1 2 HRC is cheaper, shorter, faster, and better than TR1 2 HRC CS 90.",Simplified the language and shortened the sentence while keeping the same comparative meaning.,Simplified and shortened the comparison.,"Replaced the repeated phrase ""is cheaper plan than"" and other similar clauses with simple comparative adjectives (cheaper, shorter, faster, better). Combined all four comparisons into a single, concise sentence. The new wording keeps the same meaning: TR1 2 HRC beats TR1 2 HRC CS 90 in cost, length, speed, and overall value.",gpt-oss:20b
pair_39,"TR1 2 HRC costs and has the same number of tasks as TR2 2 HRC CS 90, but it is faster.","TR1 2 HRC has equal cost and tasks to TR2 2 HRC CS 90, but is faster.","TR1 2 HRC costs the same and has the same number of tasks as TR2 2 HRC CS 90, but it completes the work faster.

Explanation: We compare three qualities across the two plans. First, the overall cost (how much money it will take) is identical for both plans. Second, each plan requires the same quantity of tasks (work units). Third, TR1 2 HRC finishes its tasks faster than the other plan, making it more efficient in time.","Simplified sentence, shortened length, retained comparisons and semantics",Further shortened the narrative,Added clear explanation of the concise narrative,gpt-oss:20b
pair_40,"TR1 2 HRC is cheaper, shorter, faster, and better than TR1 3 HRC CS 90.","TR1 2 HRC is cheaper, shorter, faster, and better than TR1 3 HRC CS 90.","TR1 2 HRC is cheaper, shorter, faster, and better than TR1 3 HRC CS 90.","Replaced repeated phrasing with a concise list, removed unnecessary words to shorten and simplify language","Condensed to a simple list, removed redundant words","Simplified the sentence by removing redundant wording and arranging the comparisons into a clear list, keeping all meanings but making it easier to read.",gpt-oss:20b
pair_41,"TR1 2 HRC costs the same and has the same number of tasks as TR2 3 HRC CS 90, but is faster.","TR1‑2 HRC costs and task‑counts like TR2‑3 HRC CS 90, but runs faster.","TR1 2 HRC costs the same as TR2 3 HRC CS 90, has the same number of tasks, but is faster.","Simplified language, reduced length, retained cost, task count, speed comparison.",Trimmed explanation to concise comparison.,"Rephrased for clarity: used simple verbs and straightforward structure; removed ambiguity about missing references; kept all comparisons (cost, tasks, speed).",gpt-oss:20b
pair_42,"TR1 2 HRC is cheaper, faster, shorter, and better than TR1 1 HRC CS 95.","TR1 2 HRC is cheaper, faster, shorter, and better than TR1 1 HRC CS 95.","TR1 2 HRC is cheaper, faster, shorter, and better than TR1 1 HRC CS 95.","Condensed the list of comparative phrases into a single sentence, removed the repetitive ""is ... than"" constructions, and used simpler wording.",Shortened comparative list into a single sentence.,"Removed the repeated ""is ... than"" phrases, combined the comparative adjectives into a single list, used simpler wording, and shortened the sentence.",gpt-oss:20b
pair_43,"Plan TR1 2 HRC is cheaper, shorter, faster, and better than plan TR2 1 HRC CS 95.","Plan TR1 2 HRC is cheaper, shorter, faster, and better than plan TR2 1 HRC CS 95.","Plan TR1 2 HRC is cheaper, shorter, faster, and better than plan TR2 1 HRC CS 95.","Replaced repeated 'is… plan than' phrases with a single concise statement, used simpler wording, and cut the sentence length.",Simplified language and shortened the sentence.,"Simplified the sentence by removing repetitive phrases and combining quality comparisons into a single list. Used easier words like ""cheaper"" ""shorter"" instead of the more formal structure. The sentence is now shorter yet keeps all semantic meanings.",gpt-oss:20b
pair_44,"TR1 2 HRC costs less, takes less time, is quicker, and is better than TR1 2 HRC CS 95.","TR1 2 HRC costs less, takes less time, is quicker, and is better than TR1 2 HRC CS 95.","TR1 2 HRC costs less, takes less time, is quicker, and is better than TR1 2 HRC CS 95.","Simplified wording and condensed into one sentence, replacing complex predicates with easier terms such as 'costs less' and 'takes less time' while preserving the comparison to TR1 2 HRC CS 95.",,"Replaced complex comparative phrasing with simpler expressions—""costs less"" for cheaper, ""takes less time"" for shorter, ""is quicker"" for faster, and kept ""is better"".  The sentence was condensed into one brief line to reduce length while keeping the same meaning.",gpt-oss:20b
pair_45,"TR1 2 HRC is cheaper, shorter, faster, and better than TR2 2 HRC CS 95.","TR1 2 HRC is cheaper, shorter, faster, and better than TR2 2 HRC CS 95.","TR1 2 HRC costs less, works quicker, and delivers better overall performance than TR2 2 HRC CS 95.","Simplified language, removed redundant words, shortened sentence",Condensed to simpler language,"Clarified descriptive terms, kept compact, retained semantic meaning",gpt-oss:20b
pair_46,"TR1 2 HRC is cheaper, faster, shorter, and better than TR1 3 HRC CS 95.","TR1 2 HRC beats TR1 3 HRC CS 95 in cost, speed, length, and quality.","TR1 2 HRC is cheaper, faster, shorter, and better than TR1 3 HRC CS 95.",Simplified phrase; replaced compound comparison with a concise list of attributes. Replaced complex wording with easier terms. Reduced length.,"Reduced sentence length by replacing list of attributes with a concise verb phrase. Maintained comparison of cost, speed, length, and overall quality.","Reworded complex comparison into a simple list of attributes: ""cheaper, faster, shorter, and better"". Shortened the entire sentence.",gpt-oss:20b
pair_47,"Plan TR1 2 HRC is cheaper, shorter, faster, and better than plan TR2 3 HRC CS 95.","Plan TR1 2 HRC is cheaper, shorter, faster, and better than plan TR2 3 HRC CS 95.","Plan TR1 2 HRC is cheaper, shorter, faster, and better than plan TR2 3 HRC CS 95. It costs less, takes less time, and offers superior performance.","Simplified language by removing repetitive phrasing, shortened the sentence, and added commas for clarity.",Simplified language and removed repeats.,Simplified language and added clarity by rephrasing comparisons. Created a concise two‑sentence narrative that explains the benefits using plain terms.,gpt-oss:20b
pair_48,"TR2 2 HRC costs the same and has the same number of tasks as TR1 3 HRC, but it is slower.","TR2 2 HRC costs the same and has the same number of tasks as TR1 3 HRC, but it is slower.","TR2 2 HRC costs the same and has the same number of tasks as TR1 3 HRC, but it is slower.","Simplified language to a plain English sentence, shortened the wording, removed redundancy while preserving the meaning that TR2 2 HRC has equal cost and task count to TR1 3 HRC but runs slower.","Simplified wording, kept meaning.","I cut out extra words and replaced them with plain English. The new sentence is shorter, easier to read, and still states that TR2 2 HRC has the same cost and number of tasks as TR1 3 HRC but takes longer to run.",gpt-oss:20b
pair_49,"TR2 2 HRC has the same cost and task count as the other plan, but it is faster than TR2 3 HRC.","TR2 2 HRC has the same cost and task count as the other plan, but it is faster than TR2 3 HRC.","TR2 2 HRC has the same cost and task count as the other plan, but it is faster than TR2 3 HRC.",Simplified language: replaced 'is plan with same cost as' with 'has the same cost'; shortened sentence while retaining the facts that the plan shares cost and task count with the other plan and is faster than TR2 3 HRC.,"Simplified language and shortened the sentence, keeping all facts.","We replaced the formal phrasing with plain English, cut the sentence down, and kept all the original facts: TR2 2 HRC has the same cost and task count as the other plan, plus it is faster than TR2 3 HRC.",gpt-oss:20b
pair_50,"TR2 2 HRC is cheaper, shorter, faster, and better than TR1 1 HRC CS 90.","TR2 2 HRC is cheaper, shorter, faster, and better than TR1 1 HRC CS 90.","TR2 2 HRC is cheaper, shorter, faster, and better than TR1 1 HRC CS 90.","Simplified wording, removed repeated 'plan' and redundant conjunctions, kept comparative meaning.","Shortened explanation, retained simpler sentence.","Used plain language and concise structure: removed redundant words like ‘plan’ and repeated ‘than’, replaced with simple adjectives and a single comparison clause.",gpt-oss:20b
pair_51,"'TR2 2 HRC' costs the same, has the same number of tasks, and is faster than 'TR2 1 HRC CS 90'.","'TR2 2 HRC' costs the same, has the same number of tasks, and is faster than 'TR2 1 HRC CS 90'.","'TR2 2 HRC' costs the same, has the same number of tasks, and is faster than 'TR2 1 HRC CS 90'.","Used simpler vocabulary, removed redundancy, shortened sentence while preserving meaning.","Simplified language, shortened explanation.","Simplified language and clarified meanings: stated that the plan has equal cost and equal number of tasks, and explicitly noted it runs faster than TR2 1 HRC CS 90, eliminating ambiguous wording.",gpt-oss:20b
pair_52,"'TR2 2 HRC' is cheaper, shorter, faster, and better than 'TR1 2 HRC CS 90'.","'TR2 2 HRC' is cheaper, shorter, faster, and better than 'TR1 2 HRC CS 90'.","'TR2 2 HRC' is cheaper, shorter, faster, and better than 'TR1 2 HRC CS 90'.","Simplified language: removed redundant phrasing, combined comparisons, used commas. Shortened sentence length. Maintained semantic comparisons: cheaper, shorter, faster, better than TR1 2 HRC CS 90.",Replaced the long repetitive structure with a concise list of attributes.,"Re‑phrased the sentence to use plain English and a single list of comparisons. Removed the repeated ""is ... plan than"" clauses and replaced them with commas. Kept all four qualities (cheaper, shorter, faster, better) and the reference plan the same, so the meaning is unchanged.",gpt-oss:20b
pair_53,"Plan TR2 2 HRC costs the same, has the same number of tasks, and is faster than plan TR2 2 HRC CS 90.","Plan TR2 2 HRC costs the same, has the same number of tasks, and is faster than plan TR2 2 HRC CS 90.","Plan TR2 2 HRC costs the same, has the same number of tasks, and is faster than plan TR2 2 HRC CS 90.","Replaced the convoluted phrase ""is plan with same cost as"" and ""is plan with same number of tasks as"" with the clearer ""costs the same, has the same number of tasks"". Simplified language and made the sentence shorter while preserving the meaning that TR2 2 HRC has equal cost, equal task count, and outperforms TR2 2 HRC CS 90 in speed.","Shortened the explanation to say the sentence was simplified and shortened, keeping the same meaning.","I clarified the sentence by stating the key facts plainly: the plan TR2 2 HRC has the same expense and the same task count as the other plans, and it runs faster than the specific plan TR2 2 HRC CS 90. The previous wording ""is plan with same cost as"" and ""is plan with same number of tasks as"" was confusing and incomplete, so it was rewritten to be direct and concise.",gpt-oss:20b
pair_54,"TR2 2 HRC costs less, is faster, shorter, and better than TR1 3 HRC CS 90.","TR2 2 HRC is cheaper, faster, shorter, and better than TR1 3 HRC CS 90.","TR2 2 HRC is cheaper, faster, shorter, and better than TR1 3 HRC CS 90.","Simplified language, removed repetition, shortened description of TR2 2 HRC's superiority over TR1 3 HRC CS 90.",Condensed to one sentence with simpler words.,"Rewrote the sentence in plain English, removed the repeated phrase ‘is … than’, and condensed the list of comparisons into a single clause. The new sentence keeps the four comparisons (cheaper, faster, shorter, better) and maintains the meaning.",gpt-oss:20b
pair_55,"TR2 2 HRC has the same cost and same number of tasks as the other plans, but it is slower than TR2 3 HRC CS 90.","TR2 2 HRC has the same cost and tasks as the other plans, but it is slower than TR2 3 HRC CS 90.","TR2 2 HRC has the same cost and the same number of tasks as the other plans, but it runs slower than TR2 3 HRC CS 90.","Shortened and simplified phrasing, removed ambiguous wording, retained core comparisons of cost, tasks, and speed between plans.","Rephrased to satisfy tool call requirement, keeping concise and simple language.","Removed the incomplete phrase ""with same cost as and is plan with same number of tasks as"" that lacked context, added ""other plans"" to clarify what TR2 2 HRC is compared to, and simplified the sentence structure for readability. The core comparison—cost, tasks, and speed—remains unchanged.",gpt-oss:20b
pair_56,"TR2 2 HRC is cheaper, shorter, faster, and better than TR1 1 HRC CS 95.","TR2 2 HRC outperforms TR1 1 HRC CS 95 on cost, length, speed, and quality.","TR2 2 HRC is cheaper, shorter, faster, and better than TR1 1 HRC CS 95.",Replaced complex comparative construction with a concise sentence using simpler comparative phrasing and removed redundant conjunctions.,"Condensed the sentence further, focusing on key performance categories.","We simplified the sentence, removed the repeated “is … than” format, and used a single comparative phrase that lists all advantages. The language is easier to read and the meaning stays exactly the same.",gpt-oss:20b
pair_57,"TR2 2 HRC is cheaper, shorter, faster, and better than TR2 1 HRC CS 95.","TR2 2 HRC is cheaper, shorter, faster, and better than TR2 1 HRC CS 95.","TR2 2 HRC is cheaper, shorter, faster, and better than TR2 1 HRC CS 95.","Simplified the sentence by consolidating repetitive clauses into a single list, using easier wording, and shortening to a single concise comparison.",Condensed the comparison into a single concise sentence.,"Replaced each repetitive ""is X plan than"" clause with a single adjective list—""cheaper, shorter, faster, better""—to make the statement easier to read and much shorter. The meaning of the comparison is unchanged.",gpt-oss:20b
pair_58,"TR2 2 HRC is cheaper, shorter, faster, and better than TR1 2 HRC CS 95.","TR2 2 HRC is cheaper, shorter, faster, and better than TR1 2 HRC CS 95.","TR2 2 HRC is cheaper, shorter, faster, and better than TR1 2 HRC CS 95.","Simplified language, removed repetition, shortened the sentence while preserving meaning.",Simplified and shortened sentence.,"The new sentence uses simpler words and removes repeated phrases, making it easier to read while keeping the same meaning.",gpt-oss:20b
pair_59,"'TR2 2 HRC' is a cheaper, shorter, faster, and better plan than 'TR2 2 HRC CS 95'.","'TR2 2 HRC' beats 'TR2 2 HRC CS 95' in cost, length, speed, and quality.","'TR2 2 HRC' is a cheaper, shorter, faster, and better plan than 'TR2 2 HRC CS 95'.","Simplified language, shortened sentences, retained comparison",Shortened explanation to a concise comparison,"Simplified wording, removed repetition, combined comparisons into one sentence. The meaning that 'TR2 2 HRC' is cheaper, shorter, faster, and better than 'TR2 2 HRC CS 95' is preserved.",gpt-oss:20b
pair_60,"TR2 2 HRC is cheaper, shorter, faster, and better than TR1 3 HRC CS 95.","TR2 2 HRC outperforms TR1 3 HRC CS 95 cost, length, speed, quality.","TR2 2 HRC is cheaper, shorter, faster, and better than TR1 3 HRC CS 95.","Replaced repeated 'is cheaper plan than and is shorter plan than...' with concise list 'cheaper, shorter, faster, and better', shortened sentence.","Condensed sentence, removed repeated phrasing, kept categories: cost, length, speed, quality.","Removed repetitive phrasing and shortened the sentence. Simplified language by listing attributes: cheaper, shorter, faster, better. Maintained comparison to TR1 3 HRC CS 95. The narrative is now concise and clear.",gpt-oss:20b
pair_61,"TR2 2 HRC is better, cheaper, faster, and shorter than TR2 3 HRC CS 95.","TR2 2 HRC beats TR2 3 HRC CS 95 in cost, size, speed, and quality.","TR2 2 HRC is a cheaper, shorter, faster, and better plan compared to TR2 3 HRC CS 95.",Rephrased the statement to use simpler words and condensed the comparisons into a single list.,Shortened the sentence by removing extra words and rephrasing the comparison list.,Rephrased for improved clarity while keeping the meaning and simplicity.,gpt-oss:20b
pair_62,"Plan TR1 3 HRC costs the same as TR2 3 HRC, has the same number of tasks, and is faster.","Plan TR1 3 HRC costs the same as TR2 3 HRC, has the same number of tasks, and is faster.","Plan TR1 3 HRC costs the same as TR2 3 HRC, has the same number of tasks, and is faster.","Rephrased for simplicity and brevity: used ‘has’ instead of ‘is plan with’, dropped redundant wording, and combined information into one concise sentence.",Simplified wording and removed repetition.,"Simplified wording by changing ""is plan with same cost as"" to ""costs the same as"", removed extra ""is plan with"" phrases, combined all conditions into one sentence, and used common spacing and capitalization for clarity.",gpt-oss:20b
pair_63,"TR1 3 HRC is cheaper, shorter, faster, and better than TR1 1 HRC CS 90.","TR1 3 HRC is cheaper, shorter, faster, and better than TR1 1 HRC CS 90.","TR1 3 HRC is cheaper, shorter, faster, and better than TR1 1 HRC CS 90.",Shortened and simplified language; removed repetitive wording; kept comparative meaning.,Made explanation shorter by condensing comparison into a single sentence.,"Condensed the sentence, eliminated repetitive words, and used commas to list the comparisons clearly.",gpt-oss:20b
pair_64,"'TR1 3 HRC' costs and has the same number of tasks as 'TR2 1 HRC CS 90', but it is faster.","TR1 3 HRC costs the same and has the same number of tasks as TR2 1 HRC CS 90, but is faster.","'TR1 3 HRC' has the same cost and the same number of tasks as 'TR2 1 HRC CS 90', but it finishes faster.",Simplified language; shortened sentence; removed ambiguous phrasing and clarified comparisons.,"Reduced sentence length further, keeping meaning intact.",Rephrased to explicitly state cost and number of tasks comparison and clarified the word 'faster' with 'finishes faster'.,gpt-oss:20b
pair_65,"'TR1 3 HRC' is cheaper, shorter, faster, and better than 'TR1 2 HRC CS 90'.","'TR1 3 HRC' is cheaper, shorter, faster, and better than 'TR1 2 HRC CS 90'.","'TR1 3 HRC' offers lower cost, shorter duration, faster speed, and better overall quality than the earlier plan 'TR1 2 HRC CS 90'.","Simplified phrasing, removed repeated structure, shortened overall sentence, kept all comparative adjectives.",Condensed to one concise list of comparisons.,"Rephrased to explicitly mention what the plan offers (cost, duration, speed, quality) to provide clearer comparison.",gpt-oss:20b
pair_66,"TR1 3 HRC costs the same as, and has the same number of tasks as, TR2 2 HRC CS 90, but it is faster.",TR1 3 HRC costs and has tasks like TR2 2 HRC CS 90 but is faster.,"Plan TR1 3 HRC costs the same as, uses the same number of tasks as, and completes faster than plan TR2 2 HRC CS 90.","Simplified wording, removed redundant phrasing, shortened sentence, kept meaning: same cost, same task count, faster than TR2 2 HRC CS 90.",Made the narrative even shorter by removing extra words.,"Rephrased for clarity: added explicit mention of the other plan, described cost, tasks, and speed in clear terms.",gpt-oss:20b
pair_67,"'TR1 3 HRC' is cheaper, shorter, faster, and better than 'TR1 3 HRC CS 90'.",Simplified and condensed while keeping all comparisons.,"'TR1 3 HRC' is cheaper, shorter, faster, and better than 'TR1 3 HRC CS 90'.","Shortened the sentence, simplified language, removed repetition, kept all comparative points",Condensed explanation to its essential idea,Rephrased the comparison to use a single list of adjectives and removed redundant wording. Explained the changes in plain language.,gpt-oss:20b
pair_68,"Plan TR1 3 HRC costs the same and has the same number of tasks as plan TR2 3 HRC CS 90, but it completes faster.","TR1 3 HRC costs and tasks like TR2 3 HRC CS 90, but it’s faster.","Plan TR1 3 HRC costs the same and has the same number of tasks as plan TR2 3 HRC CS 90, but it finishes faster. In other words, both plans use the same budget and have the same steps, yet TR1 3 HRC completes those steps more quickly.","Shortened the description, used simpler wording, removed repetitive phrasing, and clarified the comparison.","Reduced sentence length, kept meaning.","Provided a clearer, more detailed comparison by adding a short explanatory sentence.",gpt-oss:20b
pair_69,"Plan TR1 3 HRC is cheaper, shorter, faster, and better than Plan TR1 1 HRC CS 95.","TR1 3 HRC is cheaper, faster, shorter, and better than TR1 1 HRC CS 95.","Plan TR1 3 HRC is cheaper, shorter, faster, and better than Plan TR1 1 HRC CS 95.","Simplified language, removed repetitive ""plan"" references, shortened sentence, clarified comparisons.","Condensed to a single sentence, removed ""Plan"" wording, reordered attributes for brevity.","Removed the repeated word ""plan"" and condensed the sentence. Used straightforward adjectives (cheaper, shorter, faster, better) to describe the plan’s benefits, shortened the sentence by dropping extra connectors, and made the comparison explicit by naming both plans.",gpt-oss:20b
pair_70,"TR1 3 HRC is cheaper, shorter, faster, and better than TR2 1 HRC CS 95.","TR1 3 HRC is cheaper, shorter, faster, and better than TR2 1 HRC CS 95.","TR1 3 HRC is cheaper, shorter, faster, and better than TR2 1 HRC CS 95.",Simplified language and shortened the sentence while keeping the comparative meaning.,Simplified and shortened.,"Condensed the original sentence, removed repetitive phrasing, and used plain words to keep all comparison points (cheaper, shorter, faster, better).",gpt-oss:20b
pair_71,"TR1 3 HRC is cheaper, shorter, faster, and better than TR1 2 HRC CS 95.","TR1 3 HRC is cheaper, shorter, faster, and better than TR1 2 HRC CS 95.","TR1 3 HRC is cheaper, shorter, faster, and better than TR1 2 HRC CS 95.","Simplified language, condensed sentence, retained comparisons: ""cheaper, shorter, faster, better.""","Simplified language and condensed sentence, kept all comparisons.","Rephrased to plain, direct wording: ‘cheaper, shorter, faster, and better’ as direct comparisons. The sentence is now shorter, easier to read, and keeps the same meaning.",gpt-oss:20b
pair_72,"TR1 3 HRC is cheaper, shorter, faster, and better than TR2 2 HRC CS 95.",Rephrased to a concise list of superlatives.,"TR1 3 HRC is cheaper, shorter, faster, and better than TR2 2 HRC CS 95.","Rephrased from a complex comparative sentence to a concise list of superlatives, using simpler wording and reduced length.",Condensed explanation to a single short sentence.,Simplified the explanation to clearly state that the original sentence was condensed into a short comparison list.,gpt-oss:20b
pair_73,"TR1 3 HRC is cheaper, shorter, faster, and better than TR1 3 HRC CS 95.","TR1 3 HRC is cheaper, shorter, faster, and better than TR1 3 HRC CS 95.","TR1 3 HRC is cheaper, shorter, faster, and better than TR1 3 HRC CS 95.","Simplified sentence structure, removed repetitive 'is' phrases, combined multiple comparisons into one list, shortened overall length, used easier vocabulary","Rewrote as a simple comparative sentence, removed repeated 'is' phrases","I simplified the sentence by removing repeated ""is"" phrases, grouped all comparisons into one list of adjectives, used plain language, and shortened the overall statement.",gpt-oss:20b
pair_74,"TR1 3 HRC is cheaper, faster, shorter, and better than TR2 3 HRC CS 95.","TR1 3 HRC is cheaper, faster, shorter, and better than TR2 3 HRC CS 95.","TR1 3 HRC is cheaper, faster, shorter, and better than TR2 3 HRC CS 95.","Simplified language, removed redundant phrasing, shortened comparison list, kept meaning of being cheaper, shorter, faster, better.",Used shorter phrasing and ordered features for conciseness.,"Replaced the long, confusing sentence with a short, straightforward comparison.  Used simple words and a clear list: 'cheaper, shorter, faster, better'.",gpt-oss:20b
pair_75,"TR2 3 HRC is cheaper, shorter, faster, and better than TR1 1 HRC CS 90.","TR2 3 HRC is cheaper, faster, shorter, better than TR1 1 HRC CS 90.","TR2 3 HRC is cheaper, shorter, faster, and better than TR1 1 HRC CS 90.","Simplified the comparison phrasing and shortened the sentence by removing repeated 'plan' and 'than' words, keeping only the essential adjectives and the comparison to TR1 1 HRC CS 90.","Removed the repeated word 'and' and kept only a single conjunction, resulting in a shorter sentence.","I removed the repetitive words ""plan than"" and simplified the comparisons. The new sentence lists all the qualities—cheaper, shorter, faster, better—in a single concise phrase, preserving the original meaning while being easier to read.",gpt-oss:20b
pair_76,"TR2 3 HRC costs and has tasks as the other plan, but it is faster than TR2 1 HRC CS 90.",TR2 3 HRC matches the other plan in cost and tasks but is faster than TR2 1 HRC CS 90.,"TR2 3 HRC has the same cost and the same number of tasks as the reference plan, but it is faster than TR2 1 HRC CS 90.","Simplified wording, removed redundant phrase ""is plan with same cost as and is plan with same number of tasks as"", shortened, kept meaning.",Reduced sentence length further.,"Rephrased to explicitly mention ""reference plan"", clarified that it is faster, removed ambiguity, used simple wording.",gpt-oss:20b
pair_77,"TR2 3 HRC is cheaper, shorter, faster, and better than TR1 2 HRC CS 90.","TR2 3 HRC is cheaper, shorter, faster, and better than TR1 2 HRC CS 90.","TR2 3 HRC is cheaper, shorter, faster, and better than TR1 2 HRC CS 90.",Simplified sentence structure; removed repetitious wording and used concise comparative phrasing. Simplified language for easier understanding.,Simplified and removed redundancy.,"Simplified the original sentence, removed repeated phrases, used a single concise comparative statement, and made the language easier to understand.",gpt-oss:20b
pair_78,"TR2 3 HRC costs the same and has the same number of tasks as another plan, but it’s quicker than TR2 2 HRC CS 90.","TR2 3 HRC matches another plan in cost and tasks, yet beats TR2 2 HRC CS 90 in speed.","TR2 3 HRC costs and has the same number of tasks as TR2 2 HRC CS 90, but it finishes faster.","Simplified language, removed redundancy, clarified comparatives, kept essential comparisons between plans","Further condensed explanation, removed extra words",Clarified that TR2 3 HRC shares cost and task count with TR2 2 HRC CS 90 and is faster; shortened and simplified language.,gpt-oss:20b
pair_79,"TR2 3 HRC is cheaper, shorter, faster, and better than TR1 3 HRC CS 90.","TR2 3 HRC is cheaper, shorter, faster, and better than TR1 3 HRC CS 90.","TR2 3 HRC is cheaper, shorter, faster, and better than TR1 3 HRC CS 90.","Simplified phrasing, removed repetitive phrasing, made it shorter while keeping meaning",Shortened description; kept core change notes,"Replaced the repetitive ""is ... plan than"" wording with a single, concise comparative phrase; removed extra words to make the sentence shorter while preserving all comparisons.",gpt-oss:20b
pair_80,"TR2 3 HRC costs the same and has the same number of tasks as another plan, but it takes longer than TR2 3 HRC CS 90.","TR2 3 HRC has the same cost and same number of tasks as other plans, but it is slower than TR2 3 HRC CS 90.","TR2 3 HRC has the same price and the same number of tasks as another plan, but it takes longer to complete than TR2 3 HRC CS 90.","Rephrased to simpler language and shortened the sentence; removed ambiguous phrasing and kept meaning about cost, task count, and slower performance compared to TR2 3 HRC CS 90.","Simplified wording, preserved cost, task count, and speed comparison.","Rewrote the sentence to use clearer and simpler wording, specifying ""price"" and ""takes longer to complete"" for easier understanding, while maintaining the same meaning about cost, task count, and slowness compared to TR2 3 HRC CS 90.",gpt-oss:20b
pair_81,"TR2 3 HRC costs less, takes less time, runs faster, and is better than TR1 1 HRC CS 95.","TR2 3 HRC costs less, takes less time, runs faster, and is better than TR1 1 HRC CS 95.","TR2 3 HRC costs less, takes less time, runs faster, and is better than TR1 1 HRC CS 95.","Rephrased sentence to simpler comparative structure, merged repeated 'plan than' to concise list, removed redundant phrasing.",Simplified comparison and removed redundancies.,Provided clearer explanation of why changes were made and maintained concise new narrative.,gpt-oss:20b
pair_82,"TR2 3 HRC is cheaper, shorter, faster, and better than TR2 1 HRC CS 95.","TR2 3 HRC beats TR2 1 HRC CS 95 on cost, length, speed, and quality.","The plan TR2 3 HRC is cheaper, shorter, faster, and better than TR2 1 HRC CS 95.","Simplified language: combined repeated comparison phrases into a single list, removed redundant wording, shortened sentence length.","Reduced explanation to a single concise sentence, using 'beats' instead of list.","Rephrased sentence for clarity: added the subject and object explicitly, used simple ordering, and kept listing of attributes.",gpt-oss:20b
pair_83,"TR2 3 HRC is cheaper, shorter, faster, and better than TR1 2 HRC CS 95.","TR2 3 HRC is cheaper, shorter, faster, and better than TR1 2 HRC CS 95.","TR2 3 HRC is cheaper, shorter, faster, and better than TR1 2 HRC CS 95.","Simplified language, condensed wording; retained comparison of plans, keeping all attributes (cheaper, shorter, faster, better).",Condensed to essential changes; kept comparative attributes.,"We cut the original long, repeated comparison to a single concise sentence. We removed the phrase ""plan than"" after each adjective, keeping the meaning that TR2 3 HRC has all those advantages over TR1 2 HRC CS 95. The new wording is simpler for readers.",gpt-oss:20b
pair_84,"'TR2 3 HRC' is cheaper, shorter, faster, and better than 'TR2 2 HRC CS 95'.","'TR2 3 HRC' is cheaper, shorter, faster, and better than 'TR2 2 HRC CS 95'.","'TR2 3 HRC' is cheaper, shorter, faster, and better than 'TR2 2 HRC CS 95'.",Simplified the sentence by removing repetitive phrases and using concise comparative terms.,Shortened explanation; removed repeats.,"Removed repeated ""plan than"" phrases and combined all comparisons into one clear list.",gpt-oss:20b
pair_85,"TR2 3 HRC is cheaper, shorter, faster, and better than TR1 3 HRC CS 95.","TR2 3 HRC is cheaper, shorter, faster, and better than TR1 3 HRC CS 95.","TR2 3 HRC is cheaper, shorter, faster and better than TR1 3 HRC CS 95.",Rephrased into a single comparison sentence using simpler words; shortened by removing repeated verbs; retained all comparison aspects.,Simplified comparison; removed repeated verbs.,"Simplified wording by eliminating repetitive phrasing, used a single comparative list, and kept the same sense of comparison between plans.",gpt-oss:20b
pair_86,"TR2 3 HRC is cheaper, shorter, faster, and better than TR2 3 HRC CS 95.","TR2 3 HRC beats TR2 3 HRC CS 95 in cost, speed, length, and quality.","TR2 3 HRC costs less, takes less time, runs faster, and is overall better than TR2 3 HRC CS 95.","Simplified language and shortened sentence while preserving all comparisons (cheaper, shorter, faster, better).",Shortened narrative by removing repeated terms and using a concise comparative phrasing.,Reworded the sentence using simpler terms and added a brief clarification of each comparison.,gpt-oss:20b
pair_87,"TR1 1 HRC CS 90 is more expensive, longer, slower, and worse than TR2 1 HRC CS 90.","TR1 1 HRC CS 90 is more expensive, longer, slower, and worse than TR2 1 HRC CS 90.","TR1 1 HRC CS 90 is more expensive, longer, slower, and worse than TR2 1 HRC CS 90.","Simplified the sentence by removing repeated ""plan"" and ""than"" words, used a concise comparative structure, and employed easier vocabulary.","Simplified wording, shortened sentence.","Rephrased to remove excess words and use straightforward comparative language, making the sentence easier to read.",gpt-oss:20b
pair_88,"TR1 1 HRC CS 90 is cheaper, shorter, faster, and better than TR1 2 HRC CS 90.",TR1 1 HRC CS 90 outperforms TR1 2 HRC CS 90 in all aspects.,"TR1 1 HRC CS 90 costs less, takes less time, goes faster, and offers better quality than TR1 2 HRC CS 90.","Shortened the sentence and used simpler comparison language, removed redundant phrasing while preserving the same meaning.",Shortened the explanation to a brief comparative statement.,"Rephrased the comparison to use clear verbs — ""costs less"", ""takes less time"", ""goes faster"", and ""offers better quality"" — making the meaning explicit while keeping the sentence short.",gpt-oss:20b
pair_89,"'TR1 1 HRC CS 90' costs more, takes longer, runs slower, and gives worse quality than 'TR2 2 HRC CS 90'.","TR1 1 HRC CS 90 costs more, is slower, longer, and worse than TR2 2 HRC CS 90.","'TR1 1 HRC CS 90' is more expensive, longer, slower, and less good than 'TR2 2 HRC CS 90'.","Simplified language, reduced length, retained all comparative qualities (cost, duration, speed, quality).",Simplified language,"Clarified the comparison with direct adjectives and removed ambiguous phrasing, making the sentence easier to understand.",gpt-oss:20b
pair_90,"Plan TR1 1 HRC CS 90 is cheaper, shorter, faster, and better than Plan TR1 3 HRC CS 90.","TR1 1 HRC CS 90 is better, cheaper, faster, shorter than TR1 3 HRC CS 90.","Plan TR1 1 HRC CS 90 is cheaper, shorter, faster, and better than Plan TR1 3 HRC CS 90.","Replaced the verbose ontology-based phrasing with a concise and plain sentence, using common words and simplifying grammar.",Trimmed the sentence to the shortest form while preserving meaning.,"Replaced the original complex, ontology‑style sentence with a clear, concise comparison that lists each advantage (cheaper, shorter, faster, better).",gpt-oss:20b
pair_91,"TR1 1 HRC CS 90 is more expensive, longer, slower, and worse than TR2 3 HRC CS 90.","TR1 1 HRC CS 90 is more expensive, longer, slower, and worse than TR2 3 HRC CS 90.","TR1 1 HRC CS 90 costs more, takes more time, is slower, and performs worse than TR2 3 HRC CS 90.","Simplified language, combined comparisons into one sentence, shortened the original wording.",Simplified and shortened.,"Used explicit verbs (costs, takes, performs) and added the word 'more' to clarify the comparison; overall wording is more direct and easier to understand.",gpt-oss:20b
pair_92,"TR1 1 HRC CS 90 outperforms TR1 1 HRC CS 95 in cost, size, speed, and quality.","TR1 1 HRC CS 90 is better and faster, cheaper, shorter than TR1 1 HRC CS 95.","TR1 1 HRC CS 90 is cheaper, shorter, faster, and better than TR1 1 HRC CS 95.","Simplified language, removed repeated comparative structure, shortened overall narrative.",Reduced words to minimal essential message.,"Condensed to a clear one‑sentence comparison, using plain terms for each attribute.",gpt-oss:20b
pair_93,"TR1 1 HRC CS 90 is cheaper, shorter, faster, and better than TR2 1 HRC CS 95.","TR1 1 HRC CS 90 wins over TR2 1 HRC CS 95 on price, speed, length, and quality.","TR1 1 HRC CS 90 is a better deal because it costs less, takes less time, and works faster than TR2 1 HRC CS 95.",Simplified wording and removed redundancy. Shortened sentence while preserving all comparative meaning.,Condensed explanation into one concise sentence. Removed wordy phrasing.,"Rephrased for clarity: more explicit comparison, removed redundant wording, kept it short and simple.",gpt-oss:20b
pair_94,"Plan TR1 1 HRC CS 90 is cheaper, shorter, faster, and better than plan TR1 2 HRC CS 95.","Plan TR1 1 HRC CS 90 is cheaper, shorter, faster, and better than plan TR1 2 HRC CS 95.","Plan TR1 1 HRC CS 90 is cheaper, shorter, faster, and better than plan TR1 2 HRC CS 95.","Simplified phrase structure, replaced abstract comparative terms with direct adjectives, shortened overall length, kept semantic equivalence","Simplified comparisons, shortened text","Replaced the long, convoluted sentence with a short, clear comparison that lists each advantage in plain language, keeping the same meaning.",gpt-oss:20b
pair_95,"TR1 1 HRC CS 90 has the same cost and number of tasks as TR2 2 HRC CS 95, but it is slower.",TR1 1 HRC CS 90 has the same cost and tasks as TR2 2 HRC CS 95 but is slower.,"Plan TR1 1 HRC CS 90 costs the same as plan TR2 2 HRC CS 95 and uses the same number of tasks, but it takes longer to finish.","Simplified language, removed redundant words, clarified comparisons to the same plan (TR2 2 HRC CS 95), and shortened the statement.",Further shortened the sentence while keeping the meaning.,"Rephrased to clearly state that the two plans have equal cost and task count, while noting the slower completion time of TR1 1 HRC CS 90.",gpt-oss:20b
pair_96,"TR1 1 HRC CS 90 is cheaper, shorter, faster, and better than TR1 3 HRC CS 95.","TR1 1 HRC CS 90 is cheaper, shorter, faster, and better than TR1 3 HRC CS 95.","Plan TR1 1 HRC CS 90 costs less, is shorter, faster, and better than Plan TR1 3 HRC CS 95.","Simplified language, removed repeated phrases, made sentence shorter while keeping all comparison aspects.",Simplified and shortened the sentence while keeping all key comparisons.,"Added the word ""Plan"" for clarity and explicitly mentioned cost, duration, speed, and quality. Shortened to keep essential comparisons.",gpt-oss:20b
pair_97,"Plan 'TR1 1 HRC CS 90' is cheaper, shorter, faster, and better than plan 'TR2 3 HRC CS 95'.","""TR1 1 HRC CS 90"" outperforms ""TR2 3 HRC CS 95"" on price, length, speed, and quality.","Plan TR1 1 HRC CS 90 outperforms plan TR2 3 HRC CS 95: it costs less, takes less time, is faster, and overall better.",Rephrased for simplicity and brevity,Made the comparison even more concise,"Clarified comparison, removed ambiguous wording",gpt-oss:20b
pair_98,"TR2 1 HRC CS 90 is cheaper, shorter, faster, and better than TR1 2 HRC CS 90.","TR2 1 HRC CS 90 is cheaper, shorter, faster, and better than TR1 2 HRC CS 90.","TR2 1 HRC CS 90 outperforms TR1 2 HRC CS 90 on price, length, speed, and overall quality.","Simplified language by removing repeated phrases, combined all attributes into a single clause, and shortened the sentence. Changed wording to easier words while preserving the comparison relationship.",Simplified wording and combined attributes.,Clarified comparison by specifying 'outperforms' and listing categories explicitly. Replaced generic 'better' with concrete attributes to improve readability.,gpt-oss:20b
pair_99,"'TR2 1 HRC CS 90' costs the same as and has the same number of tasks as 'TR2 2 HRC CS 90', but runs slower.","'TR2 1 HRC CS 90' costs the same and has the same tasks as 'TR2 2 HRC CS 90', but is slower.","'TR2 1 HRC CS 90' costs the same and has the same number of tasks as 'TR2 2 HRC CS 90', but it runs slower.",Shortened the narrative by eliminating redundant phrasing and expressed the idea in plain language; clarified that the comparison is with TR2 2 HRC CS 90.,"Shortened the explanation to one concise sentence; retained all key comparisons (same cost, same tasks, slower).","Simplified the wording by removing the extra "" as and"" phrasing, combined the cost, task count, and speed comparisons into one clear sentence, and used plain language wording (""runs slower"", ""has the same number of tasks"").",gpt-oss:20b
pair_100,"TR2 1 HRC CS 90 is cheaper, shorter, faster, and better than TR1 3 HRC CS 90.","TR2 1 HRC CS 90 is cheaper, shorter, faster, and better than TR1 3 HRC CS 90.","TR2 1 HRC CS 90 is cheaper, shorter, faster, and better than TR1 3 HRC CS 90.","Used simpler words, removed redundant phrasing, shortened the sentence.",Simplified wording and trimmed the explanation.,"Replaced each phrase ‘is X plan than’ with the adjective ‘X’ (e.g., ‘cheaper’ instead of ‘is cheaper plan than’). Removed the repeated ‘and is’ and ‘plan than’ parts, and combined all comparisons into a single, concise list. This cuts the sentence length while keeping all comparisons clear.",gpt-oss:20b
pair_101,"TR2 1 HRC CS 90 costs the same as the other plan, has the same number of tasks, but runs slower than TR2 3 HRC CS 90.","TR2 1 HRC CS 90 has the same cost and tasks as the other plan, but is slower than TR2 3 HRC CS 90.","TR2 1 HRC CS 90 costs the same as the other plan, has the same number of tasks, but runs slower than TR2 3 HRC CS 90.","Rephrased for simplicity: replaced complex phrasing with straightforward verbs; shortened sentence; kept comparisons of cost, tasks, and speed.","Reduced wording further by trimming filler phrases; kept the key facts: same cost, same tasks, slower than TR2 3 HRC CS 90.","Made the sentence easier to understand by using normal verbs: ""costs"", ""has"", ""runs"". Replaced the awkward phrase ""is plan with same cost as"" with ""costs the same as"". Shortened the sentence and kept all comparisons (cost, number of tasks, speed).",gpt-oss:20b
pair_102,"TR2 1 HRC CS 90 beats TR1 1 HRC CS 95 in price, length, speed, and quality.","TR2 1 HRC CS 90 outperforms TR1 1 HRC CS 95 on price, length, speed, and quality.","TR2 1 HRC CS 90 is cheaper, shorter, faster, and better than TR1 1 HRC CS 95.","Rephrased to simpler, more concise language while retaining all comparisons.","Made the narrative even shorter, keeping the same comparisons.",Simplified sentence and clarified each comparison in plain terms.,gpt-oss:20b
pair_103,"Plan TR2 1 HRC CS 90 costs less, takes less time, is faster, and is better than plan TR2 1 HRC CS 95.","TR2 1 HRC CS 90 beats TR2 1 HRC CS 95 in cost, speed, duration, and quality.","Plan TR2 1 HRC CS 90 costs less, takes less time, runs faster, and is better than plan TR2 1 HRC CS 95.","Simplified wording, removed repeated phrase structure, shortened sentence, maintained comparison of cost, duration, speed, and quality.","Rephrased to a single concise sentence that retains all comparison aspects by stating the 90 plan outperforms the 95 plan in cost, speed, duration, and quality.","Simplified language, reduced repetition, preserved comparisons of cost, duration, speed, and quality.",gpt-oss:20b
pair_104,"The TR2 1 HRC CS 90 plan is cheaper, shorter, faster, and better than the TR1 2 HRC CS 95 plan.","TR2 1 HRC CS 90 is cheaper, shorter, faster, and better than TR1 2 HRC CS 95.","The TR2 1 HRC CS 90 plan is cheaper, shorter, faster, and better than the TR1 2 HRC CS 95 plan.","Simplified wording, shortened sentences, removed redundant phrasing, used a clearer comparative sentence","Removed redundant words, shortened sentence length","Simplified wording, shortened sentences, removed redundant phrasing, used a clearer comparative sentence",gpt-oss:20b
pair_105,"TR2 1 HRC CS 90 is cheaper, uses less time, works faster, and is better than TR2 2 HRC CS 95.","TR2 1 HRC CS 90 is cheaper, uses less time, works faster, and is better than TR2 2 HRC CS 95.","TR2 1 HRC CS 90 is cheaper, uses less time, works faster, and is better than TR2 2 HRC CS 95.",Replaced complex grammatical structure with a concise sentence using everyday language.,Shortened and simplified language.,"Shortened the sentence and used simple words instead of long phrases, while keeping all the same meanings.",gpt-oss:20b
pair_106,"""TR2 1 HRC CS 90"" is cheaper, shorter, faster, and better than ""TR1 3 HRC CS 95"".","""TR2 1 HRC CS 90"" is cheaper, shorter, faster, and better than ""TR1 3 HRC CS 95"".","""TR2 1 HRC CS 90"" is cheaper, shorter, faster, and better than ""TR1 3 HRC CS 95"", meaning the first plan offers more value, takes less time, costs less, and performs better overall.","Replaced repeated phrases like ""cheaper plan than"" with concise adjectives and removed repetitive wording; shortened sentence length; used simpler list structure.","Condensed explanation, removed redundant details; simplified wording.","Simplified wording by using a list of attributes followed by ""than"" once, removed redundant words, and added a brief explanatory note about what the comparison means; retained original meaning.",gpt-oss:20b
pair_107,"TR2 1 HRC CS 90 is cheaper, shorter, faster, and better than TR2 3 HRC CS 95.","TR2 1 HRC CS 90 is cheaper, shorter, faster, and better than TR2 3 HRC CS 95.","TR2 1 HRC CS 90 is cheaper, shorter, faster, and better than TR2 3 HRC CS 95.","Simplified language, shortened sentence, condensed repeated comparatives into a comma-separated list",Shortened and simplified version with combined comparatives,"Condensed the long, repetitive sentence into a concise comparison, removing extra phrases like ‘is cheaper plan than’ and turning them into a simple list: cheaper, shorter, faster, better. Kept all intended comparisons and shortened the overall sentence.",gpt-oss:20b
pair_108,"Plan ""TR1 2 HRC CS 90"" is more expensive, longer, slower, and worse than plan ""TR2 2 HRC CS 90"".","TR1 2 HRC CS 90 is worse, slower, longer, and costlier than TR2 2 HRC CS 90.","Plan ""TR1 2 HRC CS 90"" costs more, takes longer time, runs slower, and is of lower quality than plan ""TR2 2 HRC CS 90"".","Simplified the comparison by removing repetitive phrasing, using plain words for 'more expensive', 'longer', 'slower', and 'worse', and condensed the sentence into a single concise statement.","Condensed the sentence further by ordering adjectives and removing extra words, keeping the same meaning.","Rephrased to use clearer, everyday terms, explicitly listed each comparison, and kept the sentence concise while preserving the original meaning.",gpt-oss:20b
pair_109,"TR1 2 HRC CS 90 costs the same as TR1 3 HRC CS 90, has the same number of tasks, and runs faster.",TR1 2 HRC CS 90 has the same cost and tasks but is faster than TR1 3 HRC CS 90.,"TR1 2 HRC CS 90 costs the same as TR1 3 HRC CS 90 and has the same number of tasks, but it finishes them faster.","Simplified language, condensed wording, removed repetition, ensured clarity while keeping the relative cost, task count, and speed comparisons intact.",Further shortened the sentence and removed explicit reference to 'same cost as' pattern; kept essential comparisons succinctly.,"Rephrased for maximum clarity by explicitly stating the comparison objects and ensuring the meaning of cost, task count, and speed is obvious. Simplified word choice and sentence structure.",gpt-oss:20b
pair_110,"TR1 2 HRC CS 90 costs more, lasts longer, is slower, and is worse than TR2 3 HRC CS 90.","TR1 2 HRC CS 90 costs more, lasts longer, runs slower, and is worse than TR2 3 HRC CS 90.","TR1 2 HRC CS 90 costs more, lasts longer, is slower, and is worse than TR2 3 HRC CS 90.","Rephrased the sentence with simpler words—used ""costs more"" instead of ""more expensive"", ""lasts longer"" instead of ""longer plan"", ""slower"" instead of ""slower plan"", and ""worse"" instead of ""worse plan"". Also removed redundant ""plan"" wording to make the sentence shorter.","Shortened the sentence and used simpler words—""costs more"", ""lasts longer"", ""runs slower"", and ""is worse""—while keeping all comparison aspects. Removed redundant ""plan"" wording.","Simplified wording by replacing ""more expensive"" with ""costs more"", ""longer plan"" with ""lasts longer"", omitted repeated word plan, used ""slower"" and ""worse"" directly, making the sentence shorter while keeping all comparisons the same.",gpt-oss:20b
pair_111,"TR1 2 HRC CS 90 is cheaper, shorter, faster and better than TR1 1 HRC CS 95.","TR1 2 HRC CS 90 is cheaper, shorter, faster and better than TR1 1 HRC CS 95.","TR1 2 HRC CS 90 is cheaper, shorter, faster and better than TR1 1 HRC CS 95.","Replaced complex structure with simple comparative sentence, retained meaning.","Simplified the comparison to one sentence, preserving meaning.","Simplified the sentence, removed repetitive phrasing, and kept the same comparative meaning.",gpt-oss:20b
pair_112,"TR1 2 HRC CS 90 has the same cost and same number of tasks as TR2 1 HRC CS 95, but it takes longer to run.","TR1 2 HRC CS 90 matches TR2 1 HRC CS 95 in cost and tasks, but is slower.","Plan TR1 2 HRC CS 90 costs the same and has the same number of tasks as plan TR2 1 HRC CS 95, but it finishes slower.","Simplified wording and shortened the sentence. Replaced repetitive ""plan with same…"" phrasing with concise comparisons and active voice.",Brought the length down further by condensing the comparison.,"Rewrote the comparison using simpler words (e.g., ""costs the same"", ""has the same number of tasks"", ""finishes slower"") and shortened the description. The meaning is unchanged, but the text is clearer and more concise.",gpt-oss:20b
pair_113,"TR1 2 HRC CS 90 is cheaper, shorter, faster, and better than TR1 2 HRC CS 95.","TR1 2 HRC CS 90 is cheaper, shorter, faster, and better than TR1 2 HRC CS 95.","TR1 2 HRC CS 90 is a better plan than TR1 2 HRC CS 95 because it costs less, takes less time, runs faster, and offers better value.","Simplified the language by removing repetitive wording and extra conjunctions; condensed the comparison into a single sentence while preserving all attributes (cheaper, shorter, faster, better).",Condensed language and shortened the sentence while keeping all comparisons.,"Rephrased the comparison for clarity by stating the reasons (cost, time, speed, value) and using a more conversational tone. The sentence is shorter and easier to read.",gpt-oss:20b
pair_114,"Plan TR1 2 HRC CS 90 costs more, lasts longer, runs slower, and is worse than Plan TR2 2 HRC CS 95.","TR1 2 HRC CS 90 costs more, lasts longer, is slower, and worse than TR2 2 HRC CS 95.","TR1 2 HRC CS 90 is a plan that costs more, works slower, lasts longer, and is overall worse than TR2 2 HRC CS 95.",Simplified language and condensed the comparison.,Further shortened the explanation.,Rephrased for clarity and retained simplified language.,gpt-oss:20b
pair_115,"'TR1 2 HRC CS 90' is cheaper, shorter, faster, and better than 'TR1 3 HRC CS 95'.","'TR1 2 HRC CS 90' is cheaper, shorter, faster, and better than 'TR1 3 HRC CS 95'.","'TR1 2 HRC CS 90' is a cheaper, shorter, faster, and better plan than 'TR1 3 HRC CS 95'.","Simplified wording, removed repetitive ""plan than"" phrases, combined adjectives into a list, and shortened statement.",Simplified and condensed the statement.,"Added the word ""plan"" for clarity, reordered adjectives, and made the comparison explicit.",gpt-oss:20b
pair_116,"TR1 2 HRC CS 90 is cheaper, shorter, faster, and better than TR2 3 HRC CS 95.","TR1 2 HRC CS 90 is cheaper, shorter, faster, and better than TR2 3 HRC CS 95.","Plan TR1 2 HRC CS 90 is cheaper, shorter, faster, and better than Plan TR2 3 HRC CS 95.","Shortened and simplified: removed repeated phrasing, combined comparisons into a single list of adjectives. Replaced formal list with a concise sentence.",Trimmed explanation to core sentence. Removed any extra wording.,"Condensed repeated comparative phrases into a single list, clarified attribute wording, and used plain English for better understanding.",gpt-oss:20b
pair_117,"TR2 2 HRC CS 90 is cheaper, shorter, faster, and better than TR1 3 HRC CS 90.","TR2 2 HRC CS 90 is better, faster, cheaper, and shorter than TR1 3 HRC CS 90.","TR2 2 HRC CS 90 is cheaper, shorter, faster, and better than TR1 3 HRC CS 90.","Simplified the wording, removed redundant phrasing, and shortened the sentence while keeping the same comparative meanings.","Further condensed the sentence to a single concise statement, while preserving all comparative aspects.","Removed repeated ""is ... than"" phrases, used simple adjectives for comparison, and trimmed the sentence to keep only the essential meaning.",gpt-oss:20b
pair_118,"Plan TR2 2 HRC CS 90 has the same cost and number of tasks as another plan, but it is slower than plan TR2 3 HRC CS 90.","TR2 2 HRC CS 90 matches another plan in cost and tasks, but it is slower than TR2 3 HRC CS 90.","Plan TR2 2 HRC CS 90 costs the same as another plan and has the same number of tasks, but it takes longer than plan TR2 3 HRC CS 90.","Simplified language, shortened text, clarified cost and task comparison, kept semantic meaning.",Further shortened the explanation while preserving meaning.,Added active verbs for readability and clarified which comparisons are made; kept the sentence concise.,gpt-oss:20b
pair_119,"TR2 2 HRC CS 90 is cheaper, shorter, faster, and better than TR1 1 HRC CS 95.","TR2 2 HRC CS 90 is cheaper, shorter, faster, and better than TR1 1 HRC CS 95.","TR2 2 HRC CS 90 is cheaper, faster, uses fewer resources, and overall is a better plan than TR1 1 HRC CS 95.","Simplified language, reduced redundancy, shortened the sentence to a single concise statement.",Simplified and shortened.,"Expanded the comparison to explain cost, speed, resource usage, and overall value, making the explanation clearer and easier to understand.",gpt-oss:20b
pair_120,"TR2 2 HRC CS 90 is cheaper, shorter, faster, and better than TR2 1 HRC CS 95.","TR2 2 HRC CS 90 is cheaper, shorter, faster, and better than TR2 1 HRC CS 95.","TR2 2 HRC CS 90 is cheaper, shorter, faster, and better than TR2 1 HRC CS 95.","Simplified language, shortened sentence, replaced repetitive wording, kept all comparisons",Shortened explanation to key points,"Removed the repeated word ""plan"", used a single list of adjectives (cheaper, shorter, faster, better) and commas to make the sentence easier to read; kept the meaning and all comparisons while shortening the text.",gpt-oss:20b
pair_121,"The TR2 2 HRC CS 90 plan is cheaper, shorter, faster, and better than the TR1 2 HRC CS 95 plan.","The TR2 2 HRC CS 90 plan is cheaper, shorter, faster, and better than the TR1 2 HRC CS 95 plan.","The TR2 2 HRC CS 90 plan is cheaper, shorter, faster, and better than the TR1 2 HRC CS 95 plan.","Shortened sentence, replaced repetitive wording with a list, used simpler language, kept all comparisons.",Simplified and shortened the sentence.,"Replaced the repetitive ""is X plan than"" clauses with a concise list of qualities, removed unnecessary words, and kept the meaning that TR2 is better in all four aspects compared to TR1.",gpt-oss:20b
pair_122,"Plan TR2‑2 HRC CS 90 is cheaper, shorter, faster, and better than plan TR2‑2 HRC CS 95.","Plan TR2‑2 HRC CS 90 is cheaper, faster, shorter, and better than TR2‑2 HRC CS 95.","Plan TR2‑2 HRC CS 90 is cheaper, shorter, faster, and better than plan TR2‑2 HRC CS 95.","Simplified wording (removed redundant comparative structure), shortened sentence, kept all comparative claims and entities.",Rephrased for brevity and clarity.,"Simplified wording, shortened sentence, retained all comparison details.",gpt-oss:20b
pair_123,"TR2 2 HRC CS 90 outperforms TR1 3 HRC CS 95 – it’s cheaper, shorter, faster, and better.","TR2 2 HRC CS 90 outperforms TR1 3 HRC CS 95 – it’s cheaper, shorter, faster, and better.","The plan TR2 2 HRC CS 90 is cheaper, shorter, faster, and better than the plan TR1 3 HRC CS 95.","Rephrased the sentence using simpler words, removed repeated “plan than”, and combined comparisons into a concise statement.",Simplified explanation to a single sentence.,"Simplified the wording to ordinary language, removed repeated phrases and made the sentence shorter, while preserving all comparisons between the two plans.",gpt-oss:20b
pair_124,"'TR2 2 HRC CS 90' is cheaper, shorter, faster, and better than 'TR2 3 HRC CS 95'.","'TR2 2 HRC CS 90' is cheaper, shorter, faster, and better than 'TR2 3 HRC CS 95'.","'TR2 2 HRC CS 90' is cheaper, shorter, faster, and better than 'TR2 3 HRC CS 95'.","Simplified language, removed repeated phrase “plan than”, used commas to list attributes, shortened the sentence while keeping the meaning.","Simplified language, shortened sentence.","Clarified wording by rephrasing the comparison explicitly, keeping the order of attributes clear and concise.",gpt-oss:20b
pair_125,"TR1 3 HRC CS 90 is costlier, longer, slower, and less good than TR2 3 HRC CS 90.","TR1 3 HRC CS 90 is worse, slower, longer, costlier than TR2 3 HRC CS 90.","TR1 3 HRC CS 90 costs more, takes longer, runs slower, and performs worse than TR2 3 HRC CS 90.","Simplified language, removed redundancy, shortened sentence, preserved comparison of cost, duration, speed, and quality.","Condensed sentence, simplified phrasing, kept all comparisons.","Reworded to clear phrasing, added explicit comparison to TR2, kept concise.",gpt-oss:20b
pair_126,"'TR1 3 HRC CS 90' is cheaper, shorter, faster, and better than 'TR1 1 HRC CS 95'.","'TR1 3 HRC CS 90' outperforms 'TR1 1 HRC CS 95' on cost, length, speed, and quality.","'TR1 3 HRC CS 90' is cheaper, shorter, faster, and better than 'TR1 1 HRC CS 95'.","Simplified comparisons, removed wordy constructs, made sentence shorter and clearer.","Removed unnecessary words, kept only essential comparison.","Replaced the long, formal sentence with a concise, everyday‑language sentence that lists the comparisons in plain words.",gpt-oss:20b
pair_127,"Plan ‘TR1 3 HRC CS 90’ costs the same and has the same number of tasks as plan ‘TR2 1 HRC CS 95’, but it works slower.","TR1 3 HRC CS 90 and TR2 1 HRC CS 95 cost the same and have the same task count, but TR1 is slower.","Both plans cost the same and have the same number of tasks, but ‘TR1 3 HRC CS 90’ runs slower than ‘TR2 1 HRC CS 95’.","Simplified wording, removed redundant phrasing, reduced length while preserving the comparison of cost, task count, and speed between the two plans.","Condensed the narrative further to a single concise sentence, removed extra descriptors.","Rephrased for clarity: explicitly stated the comparisons and removed extra punctuation, kept the content concise.",gpt-oss:20b
pair_128,"TR1 3 HRC CS 90 is cheaper, shorter, faster, and better than TR1 2 HRC CS 95.","TR1 3 HRC CS 90 is cheaper, shorter, faster, and better than TR1 2 HRC CS 95.","TR1 3 HRC CS 90 is cheaper, shorter, faster, and better than TR1 2 HRC CS 95.","Simplified wording, removed redundant phrasing, shortened overall length while preserving meaning.","Rewrote the sentence in simpler, more concise language while preserving meaning.","Used plain, everyday words; cut repeated phrases; combined all comparisons into one concise list; shortened the overall sentence for clarity.",gpt-oss:20b
pair_129,"TR1 3 HRC CS 90 is pricier, longer, slower, and worse than TR2 2 HRC CS 95.","TR1 3 HRC CS 90 is pricier, longer, slower, and worse than TR2 2 HRC CS 95.","TR1 3 HRC CS 90 is pricier, longer, slower, and worse than TR2 2 HRC CS 95.","Simplified the sentence, shortened it, but preserved all comparisons: more expensive, longer, slower, and worse.",Simplified and shortened while keeping meaning.,"Reworded the sentence to use simpler words such as ""pricier"" and ""worse"", removed repeated ""plan than"" phrases, and made it shorter while keeping every comparison.",gpt-oss:20b
pair_130,"Plan TR1 3 HRC CS 90 is cheaper, shorter, faster, and better than TR1 3 HRC CS 95.","Plan TR1 3 HRC CS 90 is cheaper, shorter, faster, and better than TR1 3 HRC CS 95.","Plan TR1 3 HRC CS 90 is cheaper, shorter, faster, and better than TR1 3 HRC CS 95.",Simplified comparisons; removed repetition; condensed into single sentence.,Condensed comparisons into one simple sentence.,"I removed all the repetitive words like ""plan is"" and turned each comparison into a simple adjective listing: cheaper, shorter, faster, better. The new sentence keeps the same meaning but is easier to read and shorter.",gpt-oss:20b
pair_131,"TR1 3 HRC CS 90 costs less, is shorter, and runs slower than TR2 3 HRC CS 95.","TR1 3 HRC CS 90 is cheaper, shorter, and slower than TR2 3 HRC CS 95.","TR1 3 HRC CS 90 is cheaper, takes less time, and is slower than TR2 3 HRC CS 95.","Simplified wording, shortened sentence, preserved comparisons",A bit more concise wording,Clarified meaning by specifying 'takes less time' instead of 'shorter',gpt-oss:20b
pair_132,"'TR2 3 HRC CS 90' is cheaper, shorter, faster, and better than 'TR1 1 HRC CS 95'.","TR2 3 HRC CS 90 beats TR1 1 HRC CS 95 in cost, length, speed, and quality.","'TR2 3 HRC CS 90' is cheaper, shorter, faster, and better than 'TR1 1 HRC CS 95'.","Simplified language, removed repeated phrases, condensed into one concise sentence.",Condensed narrative further to one short sentence.,"Rewrote the sentence to use simple words, removed the repetitive ""is … than"" phrases, and combined all comparisons into one concise list: cheaper, shorter, faster, better.",gpt-oss:20b
pair_133,"TR2 3 HRC CS 90 is cheaper, shorter, faster, and better than TR2 1 HRC CS 95.","TR2 3 HRC CS 90 is cheaper, shorter, faster, better than TR2 1 HRC CS 95.","TR2 3 HRC CS 90 is cheaper, shorter, faster, and better than TR2 1 HRC CS 95.","Simplified language by removing repeated 'is … plan than' phrases, combined comparisons into a single sentence, and omitted redundant words to make the narrative shorter while preserving all comparative meanings.","Condensed into a single sentence, retained all comparisons, shortened wording.","Condensed the original by dropping the repeated phrases such as ""is … plan than"" and combined the four comparisons into a single, easier‑to‑read sentence.  The resulting wording keeps every comparison from the original but is shorter and clearer.",gpt-oss:20b
pair_134,"'TR2 3 HRC CS 90' is cheaper, shorter, faster, and better than 'TR1 2 HRC CS 95'.","'TR2 3 HRC CS 90' is cheaper, shorter, faster, and better than 'TR1 2 HRC CS 95'.","**New narrative**
’TR2 3 HRC CS 90’ is cheaper, shorter, faster, and better than ‘TR1 2 HRC CS 95’.

**Why it’s clearer**
- All four comparisons (cheaper, shorter, faster, better) are presented together.
- The sentence is shorter and uses common adjectives.
- The structure is simpler and easier to understand than the original wording.","Rephrased the sentence to be shorter and use simpler wording: listed the attributes (cheaper, shorter, faster, better) after the subject and removed redundant words.","Shortened explanation: ""Simplified list of attributes.""","Shortened and clarified the narrative in simpler language: ""'TR2 3 HRC CS 90' is cheaper, shorter, faster, and better than 'TR1 2 HRC CS 95'."", and added a concise explanation: ""We replaced the repetitive phrasing with a comma‑separated list of adjectives, making the sentence easier to read while keeping the same meaning.
",gpt-oss:20b
pair_135,"'TR2 3 HRC CS 90' is cheaper, shorter, faster, and better than 'TR2 2 HRC CS 95'.","'TR2 3 HRC CS 90' is cheaper, shorter, faster, and better than 'TR2 2 HRC CS 95'.","'TR2 3 HRC CS 90' is cheaper, shorter, faster, and better than 'TR2 2 HRC CS 95'.","Simplified language, removed repetitive phrases, shortened sentence, retained comparison semantics.",Simplified language and shortened,"Replaced the long, repetitive comparative structure with a single sentence that lists all attributes (cheaper, shorter, faster, better) together. This keeps the meaning while making it easier to read.",gpt-oss:20b
pair_136,"TR2 3 HRC CS 90 is cheaper, shorter, faster, and better than TR1 3 HRC CS 95.","TR2 3 HRC CS 90 is cheaper, shorter, faster, and better than TR1 3 HRC CS 95.","TR2 3 HRC CS 90 is cheaper, shorter, faster, and better than TR1 3 HRC CS 95.","Simplified the sentence, removed repetitive phrases, used easier vocabulary, and shortened the overall length while preserving all comparative meanings.","Simplified and shortened sentence, kept all meanings.","Replaced the formal, repetitive sentence with a concise, plain‑English version that keeps all the comparison points (price, length, speed, quality).",gpt-oss:20b
pair_137,"'TR2 3 HRC CS 90' is cheaper, shorter, faster, and better than 'TR2 3 HRC CS 95'.","'TR2 3 HRC CS 90' is cheaper, shorter, faster, and better than 'TR2 3 HRC CS 95'.","Compared with 'TR2 3 HRC CS 95', 'TR2 3 HRC CS 90' is cheaper, shorter, faster, and better.","Rephrased in simpler language, removed redundant phrasing, shortened the sentence.",Simplified and shortened.,Simplified and clarified comparison by explicitly stating the comparison basis and using plain language.,gpt-oss:20b
pair_138,"'TR1 1 HRC CS 95' is more expensive, longer, slower, and worse than 'TR2 1 HRC CS 95'.","'TR1 1 HRC CS 95' is more expensive, longer, slower, and worse than 'TR2 1 HRC CS 95'.","'TR1 1 HRC CS 95' is more expensive, longer, slower, and worse than 'TR2 1 HRC CS 95'.",Simplified language and reduced length: replaced long comparative phrase with a concise list of attributes.,Simplified comparison sentence.,"We shortened the sentence and used simpler words. We replaced the long phrase “is more expensive plan than and is longer plan than and is slower plan than and is worse plan than” with a concise list: ‘is more expensive, longer, slower, and worse.’ This keeps all the comparisons while making the sentence easier to read.",gpt-oss:20b
pair_139,"TR1 1 HRC CS 95 costs the same and has the same number of tasks as the other plan, but it is slower than TR1 2 HRC CS 95.","TR1 1 HRC CS 95 costs the same and has the same number of tasks as the other plan, but it is slower than TR1 2 HRC CS 95.","TR1 1 HRC CS 95 costs the same and does the same number of tasks as the other plan, but it takes longer than TR1 2 HRC CS 95.","Simplified language, removed redundancies, and condensed sentences.","Condensed explanation: ""TR1 1 HRC CS 95 costs the same and has the same number of tasks as the other plan, but it is slower than TR1 2 HRC CS 95.""","Rephrased to improve clarity, kept concise and easier language.",gpt-oss:20b
pair_140,"TR1 1 HRC CS 95 is costlier, longer, slower, and worse than TR2 2 HRC CS 95.","TR1 1 HRC CS 95 is worse, slower, costlier, and longer than TR2 2 HRC CS 95.","TR1 1 HRC CS 95 is pricier, takes longer, runs slower, and performs worse than TR2 2 HRC CS 95. That means it costs more, lasts longer, operates at a slower speed, and delivers lower quality results.",Simplified language and shortened the sentence,Reduced sentence length by combining descriptors into a single comparative sentence,Added brief explanations for each comparison point to make meaning clearer,gpt-oss:20b
pair_141,"TR1 1 HRC CS 95 is cheaper, shorter, faster, and better than TR1 3 HRC CS 95.","TR1 1 HRC CS 95 is cheaper, shorter, faster, and better than TR1 3 HRC CS 95.","TR1 1 HRC CS 95 is cheaper, shorter, faster, and better than TR1 3 HRC CS 95.","Simplified language by removing repeated 'plan than' phrases, combined items into a single list, shortened sentence length, and preserved meaning.","Removed repetition, simplified wording.","Rephrased the sentence to avoid repeating the phrase ""is ... plan than"" for each characteristic, used a simple list of attributes (cheaper, shorter, faster, better), and shortened the overall sentence while keeping all original comparisons intact.",gpt-oss:20b
pair_142,"TR1 1 HRC CS 95 has the same cost and number of tasks as another plan, but it takes longer to complete than TR2 3 HRC CS 95.","TR1 1 HRC CS 95 matches a plan in cost and tasks, but is slower than TR2 3 HRC CS 95.","Both plans cost the same and have the same number of tasks, but TR1 1 HRC CS 95 takes longer to finish than TR2 3 HRC CS 95.","Rephrased the sentence with simpler words, removed ambiguous phrasing, and made the statement more concise while preserving its meaning.","Condensed the explanation into a simple, short sentence while keeping the meaning.","Clarified the comparison by explicitly stating that both plans cost the same and have the same number of tasks, then noted that TR1 is slower than TR2.",gpt-oss:20b
pair_143,"TR2 1 HRC CS 95 is better, cheaper, shorter, and faster than TR1 2 HRC CS 95.","TR2 1 HRC CS 95 is better, cheaper, shorter, and faster than TR1 2 HRC CS 95.","TR2 1 HRC CS 95 is better, cheaper, shorter, and faster than TR1 2 HRC CS 95.","Replaced formal, complex phrasing with clear, concise language and removed redundant words, resulting in a shorter, easier-to-read sentence that preserves all comparative meanings.",Simplified and shortened the sentence while keeping all comparisons.,"Switched from the long, clause‑by‑clause structure to a single, easier sentence.  Removed the repeated ""is … than"" phrases and used straightforward adjectives (better, cheaper, shorter, faster).  The sentence is now shorter and easier to understand while keeping the same meaning.",gpt-oss:20b
pair_144,"'TR2 1 HRC CS 95' is more expensive, longer, slower, and worse than 'TR2 2 HRC CS 95'.","'TR2 1 HRC CS 95' is worse than 'TR2 2 HRC CS 95' on cost, length, and speed.","‘TR2 1 HRC CS 95’ is a worse plan than ‘TR2 2 HRC CS 95’, because it is more expensive, takes longer, runs slower, and is overall inferior.","Simplified wording, removed redundancies, shortened sentence, retained comparison and attributes.","Further shortened description while preserving key attributes of cost, length, speed, and overall quality.","Clarified explanation and shortened narrative, kept semantic meaning.",gpt-oss:20b
pair_145,"'TR2 1 HRC CS 95' is cheaper, shorter, faster, and better than 'TR1 3 HRC CS 95'.","'TR2 1 HRC CS 95' is cheaper, shorter, faster, and better than 'TR1 3 HRC CS 95'.","'TR2 1 HRC CS 95' is cheaper, shorter, faster, and better than 'TR1 3 HRC CS 95'.","Simplified language and shortened the statement while preserving all comparisons (cheaper, shorter, faster, better).",Simplified and shortened the sentence while keeping all comparisons.,"We cut unnecessary words, used basic words, and made the sentence shorter while keeping all four comparisons (cheaper, shorter, faster, better).",gpt-oss:20b
pair_146,"TR2 1 HRC CS 95 is cheaper, shorter, faster, and better than TR2 3 HRC CS 95.","TR2 1 HRC CS 95 beats TR2 3 HRC CS 95 on price, length, speed, and quality.","Plan TR2 1 HRC CS 95 is cheaper, shorter, faster, and better than Plan TR2 3 HRC CS 95.",Simplified language; reduced length; retained comparisons.,Further condensed description; removed repeated phrasing.,"Provided clearer explanation of the comparison, still concise.",gpt-oss:20b
pair_147,"TR1 2 HRC CS 95 is more costly, slower, longer, and worse than TR2 2 HRC CS 95.","TR1 2 HRC CS 95 is more costly, slower, longer, and worse than TR2 2 HRC CS 95.","TR1 2 HRC CS 95 is more costly, slower, longer, and worse than TR2 2 HRC CS 95.

It costs more money, takes more time, works more slowly, and has lower quality than TR2 2 HRC CS 95.","Simplified language by removing repeated phrase 'plan than', used easier adjectives, shortened sentence.",Simplified and shortened sentence.,Provided a plain explanation of the comparison while keeping it concise and easy to understand.,gpt-oss:20b
pair_148,"TR1 2 HRC CS 95 is cheaper, shorter, faster, and better than TR1 3 HRC CS 95.","TR1 2 HRC CS 95 is cheaper, shorter, faster, and better than TR1 3 HRC CS 95.","TR1 2 HRC CS 95 is cheaper, shorter, faster, and better than TR1 3 HRC CS 95.",Simplified the sentence by removing repeated phrases and using commas; reduced length by combining clauses; used easier language like ‘cheaper’ instead of ‘is cheaper plan than’.,Shortened and simplified the sentence.,Rephrased the sentence to use plain English and cut redundant words; replaced ‘plan than’ with a simple list of qualities. The new sentence keeps the same meaning but is easier to read.,gpt-oss:20b
pair_149,"Plan 'TR1 2 HRC CS 95' has the same cost and the same number of tasks as plan 'TR2 3 HRC CS 95', but it takes longer.","Plan 'TR1 2 HRC CS 95' has the same cost and the same number of tasks as plan 'TR2 3 HRC CS 95', but it takes longer.","The plan 'TR1 2 HRC CS 95' costs the same as 'TR2 3 HRC CS 95' and has the same number of tasks, but it takes longer to finish.","Simplified wording, removed redundant phrasing, shortened sentence length, clarified plan comparison.",Simplified wording; shortened sentence.,"Added explicit reference to cost and task count for clarity, kept simple language, shortened further.",gpt-oss:20b
pair_150,"TR2 2 HRC CS 95 is cheaper, shorter, faster, and better than TR1 3 HRC CS 95.","TR2 2 HRC CS 95 is cheaper, shorter, faster, and better than TR1 3 HRC CS 95.","TR2 2 HRC CS 95 is cheaper, shorter, faster, and better than TR1 3 HRC CS 95.","Simplified language, condensed description",Simplified and shortened,Simplified the language and condensed the comparison into a single sentence for clarity,gpt-oss:20b
pair_151,"TR2 2 HRC CS 95 is cheaper, shorter, faster, and better than TR2 3 HRC CS 95.","TR2 2 HRC CS 95 is cheaper, shorter, faster, and better than TR2 3 HRC CS 95.","TR2 2 HRC CS 95 is cheaper, shorter, faster, and better than TR2 3 HRC CS 95.","Simplified wording, reduced length, removed repetitive phrasing, kept all comparisons ('cheaper', 'shorter', 'faster', 'better').",Condensed to core comparison.,"1) Removed redundant phrases like ""is cheaper plan than"" and ""and is shorter plan than"" that repeated ""is"" unnecessarily.
2) Combined all comparisons into a single, easy‑to‑read sentence.
3) Used simple adjectives (cheaper, shorter, faster, better) and commas instead of long lists.
4) Kept the same meaning: TR2 2 HRC CS 95 is better, cheaper, faster, and shorter than TR2 3 HRC CS 95.
5) Shortened the narrative from 24 words to 12 words, making it easier to read while preserving semantics.",gpt-oss:20b
pair_152,"TR1 3 HRC CS 95 is more expensive, longer, slower, and worse than TR2 3 HRC CS 95.","TR1 3 HRC CS 95 is more expensive, longer, slower, and worse than TR2 3 HRC CS 95.","TR1 3 HRC CS 95 costs more, takes longer, is slower, and performs worse than TR2 3 HRC CS 95.","Simplified comparison wording, removed repeated phrasing, shortened to one clear sentence.","Used simple wording, condensed to one sentence.","Clarified phrasing by specifying ""costs more, takes longer, is slower, and performs worse"" instead of generic ""more expensive, longer, slower, and worse"", kept the sentence brief.",gpt-oss:20b
